ETF,Underlying,Leverage,ExpectedLeverage,Beta,Beta_n_obs,Beta_source,borrow_fee_annual,borrow_rebate_annual,borrow_net_annual,shares_available,borrow_current,borrow_spiking,borrow_missing_from_ftp,protected,cagr_positive,borrow_leq_low,borrow_gt_low,protected_ok,protected_bad,include_for_algo,purgatory,exclude_borrow_gt_low,exclude_no_shares,exclude_borrow_spike
AAPU,AAPL,2.0,2.0,1.782846416863692,884.0,ols,0.054338,-0.017938,0.07227599999999999,20000,0.07227599999999999,False,False,False,,True,False,False,False,True,False,False,False,False
AMUU,AMD,2.0,2.0,2.0071037604188966,220.0,ols,0.021369,0.015031000000000001,0.006337999999999998,40000,0.006337999999999998,False,False,False,,True,False,False,False,True,False,False,False,False
AMZU,AMZN,2.0,2.0,1.7311990410620566,865.0,ols,0.051893,-0.015493,0.067386,300000,0.067386,False,False,False,,True,False,False,False,True,False,False,False,False
AVL,AVGO,2.0,2.0,1.987070125485932,338.0,ols,0.049302,-0.012902,0.062203999999999995,150000,0.062203999999999995,False,False,False,,True,False,False,False,True,False,False,False,False
BITX,IBIT,2.0,2.0,2.0004360841763527,527.0,ols,0.051067,-0.014667,0.065734,2100000,0.065734,False,False,False,,True,False,False,False,True,False,False,False,False
BOEU,BA,2.0,2.0,1.9876767294420088,207.0,ols,0.039907,-0.003507,0.043414,45000,0.043414,False,False,False,,True,False,False,False,True,False,False,False,False
BRKU,BRK-B,2.0,2.0,1.9513239941472635,296.0,ols,0.059911000000000006,-0.023511,0.08342200000000001,50000,0.08342200000000001,False,False,False,,False,True,False,False,False,True,True,False,False
BULU,BULL,2.0,2.0,1.9767775953499769,138.0,ols,,,,0,,False,True,False,,False,True,False,False,False,False,True,True,False
CSCL,CSCO,2.0,2.0,2.02752028749474,164.0,ols,0.04486,-0.00846,0.05332,15000,0.05332,False,False,False,,True,False,False,False,True,False,False,False,False
ELIL,LLY,2.0,2.0,1.992772554524404,225.0,ols,0.089323,-0.052923,0.14224599999999998,9000,0.14224599999999998,False,False,False,,False,True,False,False,False,False,True,False,False
ETHU,ETHA,2.0,2.0,2.0003070363352675,394.0,ols,0.029584000000000003,0.006816,0.022768000000000004,60000,0.022768000000000004,False,False,False,,True,False,False,False,True,False,False,False,False
FRDU,F,2.0,2.0,1.9789260864439795,145.0,ols,,,,0,,False,True,False,,False,True,False,False,False,False,True,True,False
GGLL,GOOGL,2.0,2.0,1.749720594382429,864.0,ols,0.041784999999999996,-0.005385,0.04717,950000,0.04717,False,False,False,,True,False,False,False,True,False,False,False,False
GMEU,GME,2.0,2.0,1.9659175810358285,205.0,ols,0.199888,-0.163488,0.36337600000000003,30000,0.36337600000000003,False,False,False,,False,True,False,False,False,False,True,False,False
LMTL,LMT,2.0,2.0,1.974959964833748,135.0,ols,0.10020799999999999,-0.063808,0.164016,1000,0.164016,False,False,False,,False,True,False,False,False,False,True,False,False
METU,META,2.0,2.0,1.998626201076906,426.0,ols,0.079675,-0.043274999999999994,0.12294999999999999,700000,0.12294999999999999,False,False,False,,False,True,False,False,False,False,True,False,False
MUU,MU,2.0,2.0,1.9952441134916743,339.0,ols,0.019743,0.016656999999999998,0.003086000000000002,300000,0.003086000000000002,False,False,False,,True,False,False,False,True,False,False,False,False
MSFU,MSFT,2.0,2.0,1.7237414236477673,864.0,ols,0.047060000000000005,-0.010660000000000001,0.05772000000000001,1500000,0.05772000000000001,False,False,False,,True,False,False,False,True,False,False,False,False
MSTX,MSTR,2.0,2.0,1.9510038863199348,377.0,ols,0.271754,-0.23535399999999998,0.507108,70000,0.507108,False,False,False,,False,True,False,False,False,False,True,False,False
NVDU,NVDA,2.0,2.0,1.9025440915888296,609.0,ols,0.053350999999999996,-0.016951,0.070302,100000,0.070302,False,False,False,,True,False,False,False,True,False,False,False,False
NFXL,NFLX,2.0,2.0,1.9952414888311825,343.0,ols,0.041144,-0.004744,0.045888,6000,0.045888,False,False,False,,True,False,False,False,True,False,False,False,False
PLTU,PLTR,2.0,2.0,1.991744372349572,295.0,ols,0.046470000000000004,-0.010069999999999999,0.05654000000000001,300000,0.05654000000000001,False,False,False,,True,False,False,False,True,False,False,False,False
PALU,PANW,2.0,2.0,2.005710989473898,224.0,ols,0.101729,-0.065329,0.16705799999999998,300000,0.16705799999999998,False,False,False,,False,True,False,False,False,False,True,False,False
QCMU,QCOM,2.0,2.0,2.000333143994061,164.0,ols,0.024018,0.012381999999999999,0.011636000000000002,15000,0.011636000000000002,False,False,False,,True,False,False,False,True,False,False,False,False
SHPU,SHOP,2.0,2.0,2.012233976500568,135.0,ols,0.140944,-0.104544,0.245488,40000,0.245488,False,False,False,,False,True,False,False,False,False,True,False,False
TSMX,TSM,2.0,2.0,1.9942899811463557,344.0,ols,0.385717,-0.349317,0.735034,550000,0.735034,False,False,False,,False,True,False,False,False,False,True,False,False
TSLL,TSLA,2.0,2.0,1.79938177648676,884.0,ols,0.04243,-0.00603,0.04846,450000,0.04846,False,False,False,,True,False,False,False,True,False,False,False,False
XOMX,XOM,2.0,2.0,1.96224694686358,206.0,ols,0.04136,-0.00496,0.04632,15000,0.04632,False,False,False,,True,False,False,False,True,False,False,False,False
XXRP,XRPZ,2.0,2.0,2.027245838363146,58.0,ols,0.0286,0.0078000000000000005,0.0208,100000,0.0208,False,False,False,,True,False,False,False,True,False,False,False,False
MSTU,MSTR,2.0,2.0,1.965115654118255,354.0,ols,0.26867599999999997,-0.23227599999999998,0.500952,400000,0.500952,False,False,False,,False,True,False,False,False,False,True,False,False
NVDX,NVDA,2.0,2.0,1.9934453068688067,583.0,ols,0.11963800000000001,-0.083238,0.202876,15000,0.202876,False,False,False,,False,True,False,False,False,False,True,False,False
TSLT,TSLA,2.0,2.0,1.992024006594747,583.0,ols,0.078971,-0.042571000000000005,0.12154200000000001,250000,0.12154200000000001,False,False,False,,False,True,False,False,False,False,True,False,False
BTCL,IBIT,2.0,2.0,2.006171195434567,404.0,ols,0.040163000000000004,-0.0037630000000000003,0.04392600000000001,75000,0.04392600000000001,False,False,False,,True,False,False,False,True,False,False,False,False
ETU,ETHA,2.0,2.0,1.990174942102264,329.0,ols,0.063496,-0.027096,0.09059199999999999,10000,0.09059199999999999,False,False,False,,False,True,False,False,False,True,True,False,False
CCUP,CRCL,2.0,2.0,1.9710469797922416,131.0,ols,0.188433,-0.152033,0.340466,100000,0.340466,False,False,False,,False,True,False,False,False,False,True,False,False
CRWU,CRWV,2.0,2.0,1.9879388012884875,142.0,ols,0.146275,-0.109875,0.25615,6000,0.25615,False,False,False,,False,True,False,False,False,False,True,False,False
AAPX,AAPL,2.0,2.0,1.9918440153732189,526.0,ols,0.09451499999999999,-0.058115,0.15263,200,0.15263,False,False,False,,False,True,False,False,False,False,True,True,False
GOOX,GOOGL,2.0,2.0,1.9799535480696224,526.0,ols,0.049333999999999996,-0.012934000000000001,0.062268,45000,0.062268,False,False,False,,True,False,False,False,True,False,False,False,False
MSFX,MSFT,2.0,2.0,2.00441054548599,526.0,ols,0.057165999999999995,-0.020766,0.077932,15000,0.077932,False,False,False,,True,False,False,False,True,False,False,False,False
NFLU,NFLX,2.0,2.0,1.9873188934583716,347.0,ols,0.04106099999999999,-0.004661,0.04572199999999999,75000,0.04572199999999999,False,False,False,,True,False,False,False,True,False,False,False,False
ROBN,HOOD,2.0,2.0,2.010782480035729,263.0,ols,0.09899,-0.06259,0.16158,800000,0.16158,False,False,False,,False,True,False,False,False,False,True,False,False
ARMU,ARM,2.0,2.0,1.996885666824688,242.0,ols,0.23802700000000002,-0.201627,0.439654,6000,0.439654,False,False,False,,False,True,False,False,False,False,True,False,False
DJTU,DJT,2.0,2.0,2.004442533710257,242.0,ols,0.25321899999999997,-0.21681899999999998,0.47003799999999996,35000,0.47003799999999996,False,False,False,,False,True,False,False,False,False,True,False,False
RBLU,RBLX,2.0,2.0,2.0234035849115166,241.0,ols,0.072366,-0.035966,0.108332,85000,0.108332,False,False,False,,False,True,False,False,False,True,True,False,False
SNOU,SNOW,2.0,2.0,2.0074996985565075,206.0,ols,0.043921999999999996,-0.007522,0.051444,15000,0.051444,False,False,False,,True,False,False,False,True,False,False,False,False
SMUP,SMR,2.0,2.0,2.068963483011232,142.0,ols,0.15094,-0.11454,0.26548,9200000,0.26548,False,False,False,,False,True,False,False,False,False,True,False,False
DKUP,DKNG,2.0,2.0,1.981783476613819,138.0,ols,,,,0,,False,True,False,,False,True,False,False,False,False,True,True,False
GLXU,GLXY,2.0,2.0,2.0144978942165617,133.0,ols,0.096879,-0.060479000000000005,0.157358,90000,0.157358,False,False,False,,False,True,False,False,False,False,True,False,False
AFRU,AFRM,2.0,2.0,1.9649237538317368,107.0,ols,0.135829,-0.099429,0.23525800000000002,350000,0.23525800000000002,False,False,False,,False,True,False,False,False,False,True,False,False
AXUP,AXON,2.0,2.0,1.978701889506984,107.0,ols,0.11084,-0.07444,0.18528,900,0.18528,False,False,False,,False,True,False,False,False,False,True,True,False
KTUP,KTOS,2.0,2.0,2.019194766227288,107.0,ols,0.120066,-0.083666,0.20373200000000002,2000,0.20373200000000002,False,False,False,,False,True,False,False,False,False,True,False,False
TTDU,TTD,2.0,2.0,1.989348010707664,105.0,ols,0.170793,-0.13439299999999998,0.30518599999999996,10000,0.30518599999999996,False,False,False,,False,True,False,False,False,False,True,False,False
BKNU,BKNG,2.0,2.0,2.0206159687455254,106.0,ols,,,,0,,False,True,False,,False,True,False,False,False,False,True,True,False
PXIU,UPXI,2.0,2.0,1.9381609508087836,106.0,ols,0.264094,-0.227694,0.491788,200000,0.491788,False,False,False,,False,True,False,False,False,False,True,False,False
BMNU,BMNR,2.0,2.0,1.9429365247871997,99.0,ols,0.2245,-0.1881,0.41259999999999997,3900000,0.41259999999999997,False,False,False,,False,True,False,False,False,False,True,False,False
SBTU,SBET,2.0,2.0,2.0183679914967128,81.0,ols,0.322273,-0.285873,0.608146,30000,0.608146,False,False,False,,False,True,False,False,False,False,True,False,False
CIFU,CIFR,2.0,2.0,1.98076090670492,59.0,ols,0.229217,-0.19281700000000002,0.422034,4000,0.422034,False,False,False,,False,True,False,False,False,False,True,False,False
SOLX,GSOL,2.0,2.0,1.964383265709844,52.0,ols,0.067793,-0.031393,0.099186,400,0.099186,False,False,False,,False,True,False,False,False,True,True,True,False
XRPK,XRPZ,2.0,2.0,1.9656304198004169,52.0,ols,0.108434,-0.072034,0.18046800000000002,100,0.18046800000000002,False,False,False,,False,True,False,False,False,False,True,True,False
XRPT,XRPZ,2.0,2.0,2.0251380935235264,58.0,ols,0.079149,-0.042748999999999995,0.12189799999999999,850000,0.12189799999999999,False,False,False,,False,True,False,False,False,False,True,False,False
APLX,APLD,2.0,2.0,1.994984762381084,111.0,ols,0.102632,-0.066232,0.16886400000000001,15000,0.16886400000000001,False,False,False,,False,True,False,False,False,False,True,False,False
APPX,APP,2.0,2.0,1.9834535451677224,205.0,ols,0.065648,-0.029248,0.094896,250000,0.094896,False,False,False,,False,True,False,False,False,True,True,False,False
ARCX,ACHR,2.0,2.0,1.9911666366444896,174.0,ols,0.138203,-0.101803,0.240006,10000,0.240006,False,False,False,,False,True,False,False,False,False,True,False,False
ASTX,ASTS,2.0,2.0,1.990957602133524,153.0,ols,0.09827999999999999,-0.06188,0.16016,200000,0.16016,False,False,False,,False,True,False,False,False,False,True,False,False
AURU,AUR,2.0,2.0,1.8956801604901747,90.0,ols,0.080132,-0.043732,0.123864,400,0.123864,False,False,False,,False,True,False,False,False,False,True,True,False
BEX,BE,2.0,2.0,1.9878736154468757,64.0,ols,0.16682200000000003,-0.13042199999999998,0.297244,100000,0.297244,False,False,False,,False,True,False,False,False,False,True,False,False
BLSX,BLSH,2.0,2.0,2.049166547074691,80.0,ols,0.060624000000000004,-0.024224000000000002,0.084848,5000,0.084848,False,False,False,,False,True,False,False,False,True,True,False,False
CEGX,CEG,2.0,2.0,1.9857525831377831,153.0,ols,0.05792,-0.02152,0.07944,45000,0.07944,False,False,False,,True,False,False,False,True,False,False,False,False
CELT,CELH,2.0,2.0,1.9761365978375849,90.0,ols,0.038018,-0.001618,0.039636000000000005,2000,0.039636000000000005,False,False,False,,True,False,False,False,True,False,False,False,False
CLSX,CLSK,2.0,2.0,2.0041541476591407,107.0,ols,0.11701399999999999,-0.080614,0.197628,30000,0.197628,False,False,False,,False,True,False,False,False,False,True,False,False
COZX,CORZ,2.0,2.0,2.042965744368044,71.0,ols,0.047248,-0.010848,0.058095999999999995,15000,0.058095999999999995,False,False,False,,True,False,False,False,True,False,False,False,False
CRDU,CRDO,2.0,2.0,1.9824899607354325,107.0,ols,0.099413,-0.063013,0.16242600000000001,150000,0.16242600000000001,False,False,False,,False,True,False,False,False,False,True,False,False
CSEX,CLS,2.0,2.0,2.003395110646176,65.0,ols,0.073301,-0.036901,0.11020200000000001,40000,0.11020200000000001,False,False,False,,False,True,False,False,False,True,True,False,False
CWVX,CRWV,2.0,2.0,1.988232260600236,153.0,ols,0.037614,-0.001214,0.038828,200000,0.038828,False,False,False,,True,False,False,False,True,False,False,False,False
DASX,DASH,2.0,2.0,2.0113296126415108,80.0,ols,,,,0,,False,True,False,,False,True,False,False,False,False,True,True,False
DOGD,DDOG,2.0,2.0,2.0157484181102805,131.0,ols,0.13818,-0.10178000000000001,0.23996,10000,0.23996,False,False,False,,False,True,False,False,False,False,True,False,False
ENPX,ENPH,2.0,2.0,2.0150556542566176,106.0,ols,0.27318000000000003,-0.23678000000000002,0.5099600000000001,2000,0.5099600000000001,False,False,False,,False,True,False,False,False,False,True,False,False
FLYT,FLY,2.0,2.0,1.9948879114289009,80.0,ols,0.162413,-0.12601300000000001,0.288426,20000,0.288426,False,False,False,,False,True,False,False,False,False,True,False,False
GEVX,GEV,2.0,2.0,1.994777010498985,153.0,ols,0.056309,-0.019909,0.076218,20000,0.076218,False,False,False,,True,False,False,False,True,False,False,False,False
GSX,GS,2.0,2.0,1.9830355193996712,107.0,ols,0.040692000000000006,-0.004292000000000001,0.04498400000000001,2000,0.04498400000000001,False,False,False,,True,False,False,False,True,False,False,False,False
IREX,IREN,2.0,2.0,1.9809571767317584,80.0,ols,0.20139500000000002,-0.164995,0.36639,35000,0.36639,False,False,False,,False,True,False,False,False,False,True,False,False
JOBX,JOBY,2.0,2.0,1.9839143624208035,112.0,ols,0.21832100000000002,-0.181921,0.400242,25000,0.400242,False,False,False,,False,True,False,False,False,False,True,False,False
LABX,ALAB,2.0,2.0,1.99428697580113,131.0,ols,0.038282,-0.001882,0.040164,450000,0.040164,False,False,False,,True,False,False,False,True,False,False,False,False
LRCU,LRCX,2.0,2.0,2.043834547101767,126.0,ols,0.125917,-0.08951700000000001,0.21543400000000001,7000,0.21543400000000001,False,False,False,,False,True,False,False,False,False,True,False,False
LYFX,LYFT,2.0,2.0,1.95685248453169,91.0,ols,0.138203,-0.101803,0.240006,500,0.240006,False,False,False,,False,True,False,False,False,False,True,True,False
MDBX,MDB,2.0,2.0,1.991058735491133,126.0,ols,0.051445,-0.015045,0.06649,100,0.06649,False,False,False,,True,False,False,False,True,False,False,True,False
NEBX,NBIS,2.0,2.0,2.000957432893834,111.0,ols,0.057901,-0.021501000000000003,0.079402,100000,0.079402,False,False,False,,True,False,False,False,True,False,False,False,False
NETX,NET,2.0,2.0,1.8859092540722373,91.0,ols,0.145011,-0.108611,0.253622,500,0.253622,False,False,False,,False,True,False,False,False,False,True,True,False
NNEX,NNE,2.0,2.0,1.976161316760912,65.0,ols,0.162652,-0.126252,0.288904,900,0.288904,False,False,False,,False,True,False,False,False,False,True,True,False
NVTX,NVTS,2.0,2.0,1.999910432208908,112.0,ols,0.205467,-0.169067,0.37453400000000003,8000,0.37453400000000003,False,False,False,,False,True,False,False,False,False,True,False,False
NWMX,NEM,2.0,2.0,1.221794413977188,68.0,ols,,,,0,,False,True,False,,False,True,False,False,False,False,True,True,False
OKTX,OKTA,2.0,2.0,1.692947187486885,80.0,ols,,,,0,,False,True,False,,False,True,False,False,False,False,True,True,False
OPEX,OPEN,2.0,2.0,1.988558142731456,80.0,ols,0.292613,-0.256213,0.548826,80000,0.548826,False,False,False,,False,True,False,False,False,False,True,False,False
PONX,PONY,2.0,2.0,2.0155270096422595,112.0,ols,0.20258099999999998,-0.166181,0.368762,1000,0.368762,False,False,False,,False,True,False,False,False,False,True,False,False
QBTX,QBTS,2.0,2.0,1.993900143577561,205.0,ols,0.11666800000000001,-0.08026799999999999,0.196936,200000,0.196936,False,False,False,,False,True,False,False,False,False,True,False,False
QSX,QS,2.0,2.0,1.697939495605615,67.0,ols,,,,0,,False,True,False,,False,True,False,False,False,False,True,True,False
QUBX,QUBT,2.0,2.0,1.9689255183768808,165.0,ols,0.259388,-0.222988,0.482376,40000,0.482376,False,False,False,,False,True,False,False,False,False,True,False,False
RGTU,RGTI,2.0,2.0,1.9877903191184187,165.0,ols,0.33537599999999995,-0.298976,0.634352,85000,0.634352,False,False,False,,False,True,False,False,False,False,True,False,False
SMU,SMR,2.0,2.0,1.9853992842494192,153.0,ols,,,,0,,False,True,False,,False,True,False,False,False,False,True,True,False
SNPX,SNPS,2.0,2.0,1.9198450054246536,65.0,ols,0.13378500000000002,-0.097385,0.23117000000000001,1000,0.23117000000000001,False,False,False,,False,True,False,False,False,False,True,False,False
SRPU,SRPT,2.0,2.0,1.951595985210556,80.0,ols,0.129873,-0.093473,0.223346,5000,0.223346,False,False,False,,False,True,False,False,False,False,True,False,False
TARK,ARKK,2.0,2.0,1.9755052600084757,952.0,ols,0.22492499999999999,-0.188525,0.41345,10000,0.41345,False,False,False,,False,True,False,False,False,False,True,False,False
TEMT,TEM,2.0,2.0,1.984456403842905,193.0,ols,0.054558,-0.018158,0.072716,10000,0.072716,False,False,False,,True,False,False,False,True,False,False,False,False
UNX,U,2.0,2.0,2.02794535742388,107.0,ols,0.146747,-0.11034700000000001,0.257094,50000,0.257094,False,False,False,,False,True,False,False,False,False,True,False,False
UPSX,UPST,2.0,2.0,1.987701837120876,174.0,ols,0.089183,-0.052783,0.14196599999999998,10000,0.14196599999999998,False,False,False,,False,True,False,False,False,False,True,False,False
VOYX,VOYG,2.0,2.0,1.9758268357542053,112.0,ols,0.36276200000000003,-0.32636200000000004,0.6891240000000001,1000,0.6891240000000001,False,False,False,,False,True,False,False,False,False,True,False,False
WULX,WULF,2.0,2.0,1.9904938815624111,79.0,ols,0.123465,-0.087065,0.21053,1000,0.21053,False,False,False,,False,True,False,False,False,False,True,False,False
ASMU,ASML,2.0,2.0,2.0801602462301734,5.0,ols_short_history,0.042131,-0.005731000000000001,0.047862,200,0.047862,False,False,False,,True,False,False,False,True,False,False,True,False
BABU,BABA,2.0,2.0,2.175874581221182,4.0,ols_short_history,0.002782,0.033618,0.0,200,0.0,False,False,False,,True,False,False,False,True,False,False,True,False
MRVU,MRVL,2.0,2.0,1.4154946911279538,4.0,ols_short_history,,,,0,,False,True,False,,False,True,False,False,False,False,True,True,False
SOFA,SOFI,2.0,2.0,2.0533756793257334,4.0,ols_short_history,0.032624,0.003776,0.028848,1000,0.028848,False,False,False,,True,False,False,False,True,False,False,False,False
CRMU,CRML,2.0,2.0,1.967210359819123,6.0,ols_short_history,0.096643,-0.060243000000000005,0.15688600000000003,500,0.15688600000000003,False,False,False,,False,True,False,False,False,False,True,True,False
UECG,UEC,2.0,2.0,1.942371265083814,5.0,ols_short_history,0.040670000000000005,-0.0042699999999999995,0.04494000000000001,900,0.04494000000000001,False,False,False,,True,False,False,False,True,False,False,True,False
DNNG,DNN,2.0,2.0,1.9403037042711289,5.0,ols_short_history,0.097501,-0.061101,0.15860200000000002,100,0.15860200000000002,False,False,False,,False,True,False,False,False,False,True,True,False
RCAX,RCAT,2.0,2.0,2.036783984473694,11.0,ols_short_history,0.103644,-0.067244,0.17088799999999998,3000,0.17088799999999998,False,False,False,,False,True,False,False,False,False,True,False,False
RDWU,RDW,2.0,2.0,2.048840882998069,13.0,ols_short_history,0.118699,-0.08229900000000001,0.200998,30000,0.200998,False,False,False,,False,True,False,False,False,False,True,False,False
OKLL,OKLO,2.0,2.0,1.9975837241262795,165.0,ols,0.18124500000000002,-0.144845,0.32609,700000,0.32609,False,False,False,,False,True,False,False,False,False,True,False,False
LABU,XBI,2.0,2.0,2.9744974168025675,2697.0,ols,0.11505000000000001,-0.07865,0.1937,70000,0.1937,False,False,False,,False,True,False,False,False,False,True,False,False
HIBL,SPHB,2.0,2.0,2.7614870230123696,1577.0,ols,0.481897,-0.44549700000000003,0.927394,400,0.927394,False,False,False,,False,True,False,False,False,False,True,True,False
GDXU,GDX,2.0,2.0,3.0405955086989915,1307.0,ols,0.033368,0.0030320000000000004,0.030336000000000002,80000,0.030336000000000002,False,False,False,,True,False,False,False,True,False,False,False,False
SOXL,SOXX,2.0,2.0,2.9676504854784107,4009.0,ols,0.00916,0.02724,0.0,3800000,0.0,False,False,False,,True,False,False,False,True,False,False,False,False
MRNX,MRNA,2.0,2.0,2.0529602451417044,9.0,ols_short_history,,,,0,,False,True,False,,False,True,False,False,False,False,True,True,False
ZETX,ZETA,2.0,2.0,2.028477031652389,10.0,ols_short_history,0.124672,-0.08827199999999999,0.212944,9000,0.212944,False,False,False,,False,True,False,False,False,False,True,False,False
LITX,LITE,2.0,2.0,1.915617447648136,16.0,ols_short_history,0.08304299999999999,-0.046643,0.129686,150000,0.129686,False,False,False,,False,True,False,False,False,False,True,False,False
SNXX,SNDX,2.0,2.0,2.4611472112500974,16.0,ols_short_history,0.11402100000000001,-0.077621,0.191642,1300000,0.191642,False,False,False,,False,True,False,False,False,False,True,False,False
WDCX,WDC,2.0,2.0,2.0952957933539538,15.0,ols_short_history,0.107081,-0.07068100000000001,0.177762,45000,0.177762,False,False,False,,False,True,False,False,False,False,True,False,False
LNOK,NOK,2.0,2.0,1.9547441615080197,20.0,ols_short_history,0.10291399999999999,-0.066514,0.169428,700,0.169428,False,False,False,,False,True,False,False,False,False,True,True,False
USGG,USAR,2.0,2.0,2.023155163920455,24.0,ols_short_history,0.299451,-0.263051,0.5625020000000001,100000,0.5625020000000001,False,False,False,,False,True,False,False,False,False,True,False,False
ONDG,ONDS,2.0,2.0,2.0006729571994364,25.0,ols_short_history,0.217037,-0.18063700000000002,0.397674,25000,0.397674,False,False,False,,False,True,False,False,False,False,True,False,False
PLUL,PLUG,2.0,2.0,2.004000263663924,25.0,ols_short_history,,,,0,,False,True,False,,False,True,False,False,False,False,True,True,False
ALBG,ALB,2.0,2.0,1.995406713193872,25.0,ols_short_history,0.09363300000000001,-0.057233,0.150866,1000,0.150866,False,False,False,,False,True,False,False,False,False,True,False,False
UUUG,UUUU,2.0,2.0,2.0084353974711657,24.0,ols_short_history,0.090307,-0.053907,0.144214,35000,0.144214,False,False,False,,False,True,False,False,False,False,True,False,False
HUTG,HUT,2.0,2.0,1.998906739322553,25.0,ols_short_history,0.093249,-0.056849,0.150098,4000,0.150098,False,False,False,,False,True,False,False,False,False,True,False,False
XPEG,XPEV,2.0,2.0,1.977703385759987,22.0,ols_short_history,0.10066000000000001,-0.06426,0.16492,3000,0.16492,False,False,False,,False,True,False,False,False,False,True,False,False
ORLG,ORLY,2.0,2.0,2.016960984716143,22.0,ols_short_history,0.117906,-0.08150600000000001,0.199412,100,0.199412,False,False,False,,False,True,False,False,False,False,True,True,False
LUNL,LUNR,2.0,2.0,2.0223642926947165,25.0,ols_short_history,0.300398,-0.263998,0.564396,10000,0.564396,False,False,False,,False,True,False,False,False,False,True,False,False
RKTL,RKT,2.0,2.0,1.936641223483353,24.0,ols_short_history,0.034379,0.0020210000000000002,0.032358,6000,0.032358,False,False,False,,True,False,False,False,True,False,False,False,False
EOSU,EOS,2.0,2.0,5.267568739689195,24.0,ols_short_history,0.180229,-0.14382899999999998,0.32405799999999996,35000,0.32405799999999996,False,False,False,,False,True,False,False,False,False,True,False,False
BTFL,BITF,2.0,2.0,2.01543355591137,34.0,ols,,,,0,,False,True,False,,False,True,False,False,False,False,True,True,False
FGRU,FIGR,2.0,2.0,2.0,1.0,imputed_no_overlap,,,,0,,False,True,False,,False,True,False,False,False,False,True,True,False
APHU,APH,2.0,2.0,2.0,1.0,imputed_no_overlap,,,,100,,False,False,False,,False,True,False,False,False,False,True,True,False
COPZ,COPX,2.0,2.0,2.161623163748949,2.0,ols_short_history,0.0025,0.0339,0.0,200,0.0,False,False,False,,True,False,False,False,True,False,False,True,False
LEUX,LEU,2.0,2.0,2.0,0.0,imputed_missing_prices,,,,0,,False,True,False,,False,True,False,False,False,False,True,True,False
COHX,COHR,2.0,2.0,2.0,0.0,imputed_missing_prices,,,,0,,False,True,False,,False,True,False,False,False,False,True,True,False
CLSZ,CLSK,2.0,2.0,2.0,0.0,imputed_missing_prices,,,,0,,False,True,False,,False,True,False,False,False,False,True,True,False
AXPG,AXP,2.0,2.0,2.0,0.0,imputed_missing_prices,,,,0,,False,True,False,,False,True,False,False,False,False,True,True,False
FCXG,FCX,2.0,2.0,2.0,0.0,imputed_missing_prices,,,,0,,False,True,False,,False,True,False,False,False,False,True,True,False
KORU,EWY,2.0,2.0,2.8525905009007317,3235.0,ols,0.09364900000000001,-0.057249,0.150898,10000,0.150898,False,False,False,,False,True,False,False,False,False,True,False,False
AALG,AAL,2.0,2.0,1.986599899782248,153.0,ols,0.136509,-0.10010899999999999,0.236618,600,0.236618,False,False,False,,False,True,False,False,False,False,True,True,False
ABNG,ABNB,2.0,2.0,2.001182732593192,63.0,ols,0.258523,-0.222123,0.480646,1000,0.480646,False,False,False,,False,True,False,False,False,False,True,False,False
ADBG,ADBE,2.0,2.0,1.986599765662742,229.0,ols,0.099695,-0.063295,0.16299000000000002,250000,0.16299000000000002,False,False,False,,False,True,False,False,False,False,True,False,False
AMDG,AMD,2.0,2.0,2.002784770092972,268.0,ols,0.047473999999999995,-0.011073999999999999,0.058547999999999996,20000,0.058547999999999996,False,False,False,,True,False,False,False,True,False,False,False,False
ARMG,ARM,2.0,2.0,1.9973840674162084,275.0,ols,0.173002,-0.136602,0.309604,400000,0.309604,False,False,False,,False,True,False,False,False,False,True,False,False
ASMG,ASML,2.0,2.0,1.981531263952771,275.0,ols,0.124308,-0.08790800000000001,0.21221600000000002,45000,0.21221600000000002,False,False,False,,False,True,False,False,False,False,True,False,False
AVGG,AVGO,2.0,2.0,2.001111600271717,189.0,ols,0.051697,-0.015297,0.066994,300000,0.066994,False,False,False,,True,False,False,False,True,False,False,False,False
BAIG,BBAI,2.0,2.0,2.009860604104325,124.0,ols,0.16345400000000002,-0.127054,0.290508,25000,0.290508,False,False,False,,False,True,False,False,False,False,True,False,False
BEG,BE,2.0,2.0,2.012935475599629,42.0,ols,0.295865,-0.259465,0.55533,200,0.55533,False,False,False,,False,True,False,False,False,False,True,True,False
BIDG,BIDU,2.0,2.0,2.0097529745838827,40.0,ols,0.119151,-0.082751,0.20190200000000003,4000,0.20190200000000003,False,False,False,,False,True,False,False,False,False,True,False,False
BLSG,BLSH,2.0,2.0,2.0244002802824137,78.0,ols,,,,0,,False,True,False,,False,True,False,False,False,False,True,True,False
BMNG,BMNR,2.0,2.0,1.9956978528846137,78.0,ols,0.120134,-0.083734,0.203868,500000,0.203868,False,False,False,,False,True,False,False,False,False,True,False,False
BOEG,BA,2.0,2.0,1.993290223698697,171.0,ols,0.044364,-0.007964,0.052328,25000,0.052328,False,False,False,,True,False,False,False,True,False,False,False,False
BULG,BULL,2.0,2.0,1.9856510459570365,131.0,ols,0.08554500000000001,-0.049145,0.13469,200000,0.13469,False,False,False,,False,True,False,False,False,False,True,False,False
CIFG,CIFR,2.0,2.0,1.9922654505097572,46.0,ols,0.150951,-0.114551,0.265502,1000,0.265502,False,False,False,,False,True,False,False,False,False,True,False,False
CMGG,CMG,2.0,2.0,1.958403707496515,63.0,ols,0.08092,-0.04452,0.12544,200,0.12544,False,False,False,,False,True,False,False,False,False,True,True,False
CNCG,CNC,2.0,2.0,2.007826527251008,40.0,ols,,,,0,,False,True,False,,False,True,False,False,False,False,True,True,False
COIG,COIN,2.0,2.0,1.9940754692891325,233.0,ols,0.173767,-0.13736700000000002,0.311134,1000,0.311134,False,False,False,,False,True,False,False,False,False,True,False,False
COTG,COST,2.0,2.0,1.968059919850469,105.0,ols,0.051462,-0.015061999999999999,0.066524,20000,0.066524,False,False,False,,True,False,False,False,True,False,False,False,False
CRCG,CRCL,2.0,2.0,1.975817053899388,131.0,ols,0.085472,-0.049072,0.134544,1700000,0.134544,False,False,False,,False,True,False,False,False,False,True,False,False
CRMG,CRM,2.0,2.0,1.984012398456163,218.0,ols,0.029855999999999997,0.0065439999999999995,0.023312,50000,0.023312,False,False,False,,True,False,False,False,True,False,False,False,False
CRWG,CRWV,2.0,2.0,1.99660509584835,132.0,ols,0.11501,-0.07861,0.19362000000000001,2800000,0.19362000000000001,False,False,False,,False,True,False,False,False,False,True,False,False
DUOG,DUOL,2.0,2.0,2.0235362589204224,46.0,ols,0.15374100000000002,-0.117341,0.27108200000000005,5000,0.27108200000000005,False,False,False,,False,True,False,False,False,False,True,False,False
FIGG,FIG,2.0,2.0,1.9877493532125408,87.0,ols,0.2133,-0.1769,0.3902,200000,0.3902,False,False,False,,False,True,False,False,False,False,True,False,False
FUTG,FUTU,2.0,2.0,2.002519768709629,87.0,ols,0.183503,-0.147103,0.330606,10000,0.330606,False,False,False,,False,True,False,False,False,False,True,False,False
GEMG,GEMI,2.0,2.0,2.001979830515529,71.0,ols,,,,0,,False,True,False,,False,True,False,False,False,False,True,True,False
GEVG,GEV,2.0,2.0,1.930450773255767,43.0,ols,0.14943199999999998,-0.11303200000000001,0.262464,3000,0.262464,False,False,False,,False,True,False,False,False,False,True,False,False
GLGG,GLXY,2.0,2.0,2.000368718834057,124.0,ols,0.29110600000000003,-0.254706,0.545812,15000,0.545812,False,False,False,,False,True,False,False,False,False,True,False,False
GRAG,GRAB,2.0,2.0,1.918220327699192,45.0,ols,0.17321899999999998,-0.136819,0.310038,800,0.310038,False,False,False,,False,True,False,False,False,False,True,True,False
HOOG,HOOD,2.0,2.0,2.0071999541327057,229.0,ols,0.139556,-0.103156,0.242712,100000,0.242712,False,False,False,,False,True,False,False,False,False,True,False,False
IREG,IREN,2.0,2.0,1.9685583731874523,43.0,ols,0.065595,-0.029195000000000002,0.09479,3000,0.09479,False,False,False,,False,True,False,False,False,True,True,False,False
KLAG,KLAC,2.0,2.0,2.019110647610688,41.0,ols,0.047544,-0.011144000000000001,0.058688000000000004,4000,0.058688000000000004,False,False,False,,True,False,False,False,True,False,False,False,False
LACG,LAC,2.0,2.0,2.023057210530794,45.0,ols,0.142262,-0.105862,0.248124,5000,0.248124,False,False,False,,False,True,False,False,False,False,True,False,False
LULG,LULU,2.0,2.0,1.991827194840781,70.0,ols,0.427772,-0.391372,0.819144,30000,0.819144,False,False,False,,False,True,False,False,False,False,True,False,False
MPG,MP,2.0,2.0,1.9842495452582791,78.0,ols,0.193549,-0.157149,0.350698,15000,0.350698,False,False,False,,False,True,False,False,False,False,True,False,False
NBIG,NBIS,2.0,2.0,2.0110465166415583,77.0,ols,0.09331300000000001,-0.056913,0.150226,250000,0.150226,False,False,False,,False,True,False,False,False,False,True,False,False
NEMG,NEM,2.0,2.0,2.0024593371720854,63.0,ols,0.137665,-0.101265,0.23893,200,0.23893,False,False,False,,False,True,False,False,False,False,True,True,False
NETG,NET,2.0,2.0,2.0056793700631204,63.0,ols,0.22761299999999998,-0.19121300000000002,0.41882600000000003,200000,0.41882600000000003,False,False,False,,False,True,False,False,False,False,True,False,False
NIOG,NIO,2.0,2.0,2.011625482457971,40.0,ols,0.177306,-0.140906,0.318212,20000,0.318212,False,False,False,,False,True,False,False,False,False,True,False,False
NUG,NU,2.0,2.0,1.9619189000854047,62.0,ols,0.057918000000000004,-0.021518000000000002,0.079436,400,0.079436,False,False,False,,True,False,False,False,True,False,False,True,False
NVDG,NVDA,2.0,2.0,1.9683055670089205,293.0,ols,0.043072,-0.006672,0.049744,100000,0.049744,False,False,False,,True,False,False,False,True,False,False,False,False
OKTG,OKTA,2.0,2.0,2.007993256434693,62.0,ols,0.092292,-0.055892,0.14818399999999998,200,0.14818399999999998,False,False,False,,False,True,False,False,False,False,True,True,False
OPEG,OPEN,2.0,2.0,2.0010766948576246,46.0,ols,0.067841,-0.031441,0.099282,3000,0.099282,False,False,False,,False,True,False,False,False,True,True,False,False
OSCG,OSCR,2.0,2.0,1.981136148039187,71.0,ols,0.198215,-0.161815,0.36002999999999996,35000,0.36002999999999996,False,False,False,,False,True,False,False,False,False,True,False,False
PANG,PANW,2.0,2.0,1.996466001982219,228.0,ols,0.052424,-0.016024,0.068448,10000,0.068448,False,False,False,,True,False,False,False,True,False,False,False,False
PBRG,PBR,2.0,2.0,1.8963523241562017,40.0,ols,,,,0,,False,True,False,,False,True,False,False,False,False,True,True,False
PLTG,PLTR,2.0,2.0,1.9941865503354648,204.0,ols,0.225627,-0.18922699999999998,0.41485399999999995,70000,0.41485399999999995,False,False,False,,False,True,False,False,False,False,True,False,False
PYPG,PYPL,2.0,2.0,1.9938801283855627,219.0,ols,0.183217,-0.146817,0.330034,300000,0.330034,False,False,False,,False,True,False,False,False,False,True,False,False
RTXG,RTX,2.0,2.0,2.0003888727859627,176.0,ols,0.132667,-0.09626699999999999,0.228934,200,0.228934,False,False,False,,False,True,False,False,False,False,True,True,False
SATG,SATS,2.0,2.0,2.0224186089669853,43.0,ols,0.130105,-0.093705,0.22381,10000,0.22381,False,False,False,,False,True,False,False,False,False,True,False,False
SBU,SBUX,2.0,2.0,1.992608586917624,62.0,ols,0.129976,-0.09357599999999999,0.223552,200,0.223552,False,False,False,,False,True,False,False,False,False,True,True,False
SNAG,SNAP,2.0,2.0,2.013535521012799,40.0,ols,0.14335599999999998,-0.10695600000000001,0.250312,600,0.250312,False,False,False,,False,True,False,False,False,False,True,True,False
SPOG,SPOT,2.0,2.0,1.9833662974243087,63.0,ols,0.13411099999999998,-0.097711,0.23182199999999997,3000,0.23182199999999997,False,False,False,,False,True,False,False,False,False,True,False,False
TERG,TER,2.0,2.0,1.9991688702435693,63.0,ols,0.05849,-0.022090000000000002,0.08058,8000,0.08058,False,False,False,,False,True,False,False,False,True,True,False,False
TSLG,TSLA,2.0,2.0,1.991281314860493,293.0,ols,0.107603,-0.071203,0.17880600000000002,350000,0.17880600000000002,False,False,False,,False,True,False,False,False,False,True,False,False
TSMG,TSM,2.0,2.0,1.97570301499169,275.0,ols,0.065703,-0.029303,0.095006,50000,0.095006,False,False,False,,False,True,False,False,False,True,True,False,False
UNHG,UNH,2.0,2.0,1.997954307902172,145.0,ols,0.045861,-0.009461,0.055321999999999996,400000,0.055321999999999996,False,False,False,,True,False,False,False,True,False,False,False,False
UPSG,UPS,2.0,2.0,1.9058642778705264,46.0,ols,,,,0,,False,True,False,,False,True,False,False,False,False,True,True,False
VALG,VALE,2.0,2.0,1.963797785981587,40.0,ols,0.07991,-0.04351,0.12342,400,0.12342,False,False,False,,False,True,False,False,False,False,True,True,False
XYZG,XYZ,2.0,2.0,1.9997566363954775,218.0,ols,0.098311,-0.061910999999999994,0.16022199999999998,700,0.16022199999999998,False,False,False,,False,True,False,False,False,False,True,True,False
COIO,COIN,2.0,2.0,0.9696561112064191,130.0,ols,0.0025,0.0339,0.0,400,0.0,False,False,False,,True,False,False,False,True,False,False,True,False
MSOO,MSTR,2.0,2.0,0.9963462601028344,129.0,ols,,,,0,,False,True,False,,False,True,False,False,False,False,True,True,False
NVDO,NVDA,2.0,2.0,0.9259509651427874,129.0,ols,0.040778,-0.004378,0.045156,400,0.045156,False,False,False,,True,False,False,False,True,False,False,True,False
PLOO,PLTR,2.0,2.0,0.9161954346654002,129.0,ols,0.230216,-0.193816,0.42403199999999996,100,0.42403199999999996,False,False,False,,False,True,False,False,False,False,True,True,False
TSLO,TSLA,2.0,2.0,0.8464433343383517,129.0,ols,0.0025,0.0339,0.0,100,0.0,False,False,False,,True,False,False,False,True,False,False,True,False
CRCA,CRCL,2.0,2.0,1.9770510449176195,133.0,ols,0.129927,-0.093527,0.22345399999999999,3700000,0.22345399999999999,False,False,False,,False,True,False,False,False,False,True,False,False
NVDB,NVDA,2.0,2.0,2.0007194319252903,110.0,ols,0.027271,0.009129,0.018142,100000,0.018142,False,False,False,,True,False,False,False,True,False,False,False,False
PLTA,PLTR,2.0,2.0,1.989402183712349,110.0,ols,0.054905,-0.018505,0.07341,35000,0.07341,False,False,False,,True,False,False,False,True,False,False,False,False
TSLI,TSLA,2.0,2.0,1.978517673668698,110.0,ols,0.036018,0.00038199999999999996,0.035636,6000,0.035636,False,False,False,,True,False,False,False,True,False,False,False,False
COIA,COIN,2.0,2.0,1.9956943426574651,111.0,ols,0.08230900000000001,-0.045909000000000005,0.128218,7000,0.128218,False,False,False,,False,True,False,False,False,False,True,False,False
BITU,IBIT,2.0,2.0,1.9918407683867552,472.0,ols,0.023605,0.012795,0.01081,200000,0.01081,False,False,False,,True,False,False,False,True,False,False,False,False
ETHT,ETHA,2.0,2.0,1.9920142996020456,395.0,ols,0.068231,-0.031831,0.100062,350000,0.100062,False,False,False,,False,True,False,False,False,True,True,False,False
UXRP,XRPZ,2.0,2.0,2.0121554545879894,58.0,ols,0.024873,0.011527,0.013345999999999998,550000,0.013345999999999998,False,False,False,,True,False,False,False,True,False,False,False,False
SOLT,SOEZ,2.0,2.0,2.0138708293579106,52.0,ols,0.016815,0.019584999999999998,0.0,950000,0.0,False,False,False,,True,False,False,False,True,False,False,False,False
TSLR,TSLA,2.0,2.0,1.9741756227505265,620.0,ols,0.059987000000000006,-0.023586999999999997,0.08357400000000001,60000,0.08357400000000001,False,False,False,,False,True,False,False,False,True,True,False,False
AAPB,AAPL,2.0,2.0,1.8862098537706693,883.0,ols,0.020755,0.015645,0.00511,45000,0.00511,False,False,False,,True,False,False,False,True,False,False,False,False
AMDL,AMD,2.0,2.0,1.999251388210085,481.0,ols,0.026332,0.010067999999999999,0.016264,2100000,0.016264,False,False,False,,True,False,False,False,True,False,False,False,False
AMZZ,AMZN,2.0,2.0,1.99390958047706,482.0,ols,0.026751999999999998,0.009648,0.017103999999999998,3000,0.017103999999999998,False,False,False,,True,False,False,False,True,False,False,False,False
AVGU,AVGO,2.0,2.0,1.9884956670322704,150.0,ols,0.132791,-0.09639099999999999,0.229182,6000,0.229182,False,False,False,,False,True,False,False,False,False,True,False,False
BABX,BABA,2.0,2.0,1.9268270895561908,797.0,ols,0.009379,0.027021000000000003,0.0,650000,0.0,False,False,False,,True,False,False,False,True,False,False,False,False
BULX,BULL,2.0,2.0,1.9669882138116217,115.0,ols,0.07965,-0.043250000000000004,0.12290000000000001,7000,0.12290000000000001,False,False,False,,False,True,False,False,False,False,True,False,False
CONL,COIN,2.0,2.0,1.757939263959046,883.0,ols,0.086337,-0.049936999999999995,0.136274,1100000,0.136274,False,False,False,,False,True,False,False,False,False,True,False,False
CRWL,CRWD,2.0,2.0,1.9954205472444173,316.0,ols,0.076141,-0.039741,0.115882,10000,0.115882,False,False,False,,False,True,False,False,False,True,True,False,False
DLLL,DELL,2.0,2.0,1.982992259836043,253.0,ols,0.159731,-0.123331,0.28306200000000004,3000,0.28306200000000004,False,False,False,,False,True,False,False,False,False,True,False,False
ETRL,ETOR,2.0,2.0,1.9958588184309567,116.0,ols,0.115092,-0.078692,0.193784,1000,0.193784,False,False,False,,False,True,False,False,False,False,True,False,False
GOU,GOOGL,2.0,2.0,2.0344355366254017,52.0,ols,0.09896200000000001,-0.06256199999999999,0.161524,9000,0.161524,False,False,False,,False,True,False,False,False,False,True,False,False
INTW,INTC,2.0,2.0,1.9884874328257207,253.0,ols,0.031084,0.0053159999999999995,0.025768,100000,0.025768,False,False,False,,True,False,False,False,True,False,False,False,False
IONL,IONQ,2.0,2.0,1.9903885798343277,225.0,ols,0.231282,-0.194882,0.426164,90000,0.426164,False,False,False,,False,True,False,False,False,False,True,False,False
ISUL,ISRG,2.0,2.0,2.001766983720093,92.0,ols,0.09422599999999999,-0.057826,0.152052,1000,0.152052,False,False,False,,False,True,False,False,False,False,True,False,False
LCDL,LCID,2.0,2.0,1.965872352682051,208.0,ols,0.264243,-0.22784300000000002,0.492086,100000,0.492086,False,False,False,,False,True,False,False,False,False,True,False,False
MRAL,MARA,2.0,2.0,1.98068252446604,239.0,ols,0.295055,-0.258655,0.55371,1100000,0.55371,False,False,False,,False,True,False,False,False,False,True,False,False
FBL,META,2.0,2.0,1.8134424349381075,797.0,ols,0.020416,0.015984,0.0044319999999999984,10000,0.0044319999999999984,False,False,False,,True,False,False,False,True,False,False,False,False
MVLL,MRVL,2.0,2.0,1.9981229624132009,239.0,ols,0.112681,-0.076281,0.18896200000000002,60000,0.18896200000000002,False,False,False,,False,True,False,False,False,False,True,False,False
MSFL,MSFT,2.0,2.0,1.990341156811792,481.0,ols,0.034270999999999996,0.0021290000000000002,0.032142,250000,0.032142,False,False,False,,True,False,False,False,True,False,False,False,False
MSTP,MSTR,2.0,2.0,1.99389732603431,173.0,ols,0.430478,-0.39407800000000004,0.8245560000000001,60000,0.8245560000000001,False,False,False,,False,True,False,False,False,False,True,False,False
MULL,MU,2.0,2.0,1.9978129485035927,316.0,ols,0.113139,-0.076739,0.189878,60000,0.189878,False,False,False,,False,True,False,False,False,False,True,False,False
NBIL,NBIS,2.0,2.0,1.9989986504483876,91.0,ols,0.112262,-0.075862,0.188124,150000,0.188124,False,False,False,,False,True,False,False,False,False,True,False,False
NOWL,NOW,2.0,2.0,1.9893602823901415,151.0,ols,0.09840299999999999,-0.062003,0.160406,35000,0.160406,False,False,False,,False,True,False,False,False,False,True,False,False
NVDL,NVDA,2.0,2.0,1.8175682525519148,796.0,ols,0.056842,-0.020442000000000002,0.07728399999999999,45000,0.07728399999999999,False,False,False,,True,False,False,False,True,False,False,False,False
PDDL,PDD,2.0,2.0,2.004057113900148,151.0,ols,0.149717,-0.113317,0.263034,25000,0.263034,False,False,False,,False,True,False,False,False,False,True,False,False
PTIR,PLTR,2.0,2.0,1.9969430586365775,364.0,ols,0.017289000000000002,0.019111,0.0,700000,0.0,False,False,False,,True,False,False,False,True,False,False,False,False
QCML,QCOM,2.0,2.0,1.9706496515034329,220.0,ols,0.119151,-0.082751,0.20190200000000003,100000,0.20190200000000003,False,False,False,,False,True,False,False,False,False,True,False,False
RDTL,RDDT,2.0,2.0,1.9817613617299112,227.0,ols,0.101945,-0.065545,0.16749,70000,0.16749,False,False,False,,False,True,False,False,False,False,True,False,False
RVNL,RIVN,2.0,2.0,1.9910463605871749,207.0,ols,0.665628,-0.629228,1.294856,10000,1.294856,False,False,False,,False,True,False,False,False,False,True,False,False
SMCL,SMCI,2.0,2.0,1.988491451861036,293.0,ols,0.158017,-0.121617,0.279634,350000,0.279634,False,False,False,,False,True,False,False,False,False,True,False,False
TSMU,TSM,2.0,2.0,1.9920111823690183,316.0,ols,0.059962,-0.023562,0.083524,45000,0.083524,False,False,False,,False,True,False,False,False,True,True,False,False
UBRL,UBER,2.0,2.0,1.995882503956223,364.0,ols,0.011009,0.025391,0.0,60000,0.0,False,False,False,,True,False,False,False,True,False,False,False,False
VRTL,VRT,2.0,2.0,1.9834887083446064,226.0,ols,0.032953,0.003447,0.029506000000000004,6000,0.029506000000000004,False,False,False,,True,False,False,False,True,False,False,False,False
AMYY,AMD,2.0,2.0,0.3070302226064093,107.0,ols,0.12727,-0.09086999999999999,0.21814,1000,0.21814,False,False,False,,False,True,False,False,False,False,True,False,False
AZYY,AMZN,2.0,2.0,0.6360138805138374,107.0,ols,0.049808000000000005,-0.013408,0.06321600000000001,700,0.06321600000000001,False,False,False,,True,False,False,False,True,False,False,True,False
BBYY,BABA,2.0,2.0,0.6252301372145824,81.0,ols,0.64687,-0.61047,1.25734,1000,1.25734,False,False,False,,False,True,False,False,False,False,True,False,False
XBTY,IBIT,2.0,2.0,0.5527349961880622,193.0,ols,0.040879000000000006,-0.004479,0.04535800000000001,20000,0.04535800000000001,False,False,True,,True,False,True,False,True,False,False,False,False
COYY,COIN,2.0,2.0,0.5215660350572808,141.0,ols,0.109149,-0.072749,0.181898,100000,0.181898,False,False,False,,False,True,False,False,False,False,True,False,False
NUGY,GDX,2.0,2.0,0.5302745478499972,62.0,ols,1.165779,-1.129379,2.295158,30000,2.295158,False,False,False,,False,True,False,False,False,False,True,False,False
HMYY,HIMS,2.0,2.0,0.451549891916235,52.0,ols,0.962148,-0.925748,1.887896,100,1.887896,False,False,False,,False,True,False,False,False,False,True,True,False
HOYY,HOOD,2.0,2.0,0.5202097343860929,97.0,ols,0.139287,-0.102887,0.242174,35000,0.242174,False,False,False,,False,True,False,False,False,False,True,False,False
IOYY,IONQ,2.0,2.0,0.4108351934776221,71.0,ols,0.138095,-0.101695,0.23979,6000,0.23979,False,False,False,,False,True,False,False,False,False,True,False,False
MAAY,MARA,2.0,2.0,0.3345289203916491,72.0,ols,0.068454,-0.032054,0.100508,2000,0.100508,False,False,True,,False,True,True,False,True,False,False,False,False
FBYY,META,2.0,2.0,0.5954547306927132,80.0,ols,0.046867,-0.010466999999999999,0.057333999999999996,1000,0.057333999999999996,False,False,True,,True,False,True,False,True,False,False,False,False
MTYY,MSTR,2.0,2.0,0.3918987375322077,101.0,ols,0.056822,-0.020422,0.077244,400,0.077244,False,False,True,,True,False,True,False,True,False,False,True,False
NVYY,NVDA,2.0,2.0,0.659835236877417,192.0,ols,0.037897,-0.001497,0.039394,1000,0.039394,False,False,True,,True,False,True,False,True,False,False,False,False
PLYY,PLTR,2.0,2.0,0.5567765362201798,101.0,ols,0.154332,-0.11793200000000001,0.272264,4000,0.272264,False,False,False,,False,True,False,False,False,False,True,False,False
QBY,QBTS,2.0,2.0,0.2853373529473645,54.0,ols,0.10285,-0.06645,0.1693,400,0.1693,False,False,False,,False,True,False,False,False,False,True,True,False
TQQY,QQQ,2.0,2.0,0.8597635557560925,245.0,ols,0.097501,-0.061101,0.15860200000000002,35000,0.15860200000000002,False,False,True,,False,True,True,False,True,False,False,False,False
RGYY,RGTI,2.0,2.0,0.3196110874814721,57.0,ols,0.49716,-0.46076,0.95792,500,0.95792,False,False,False,,False,True,False,False,False,False,True,True,False
RTYY,RIOT,2.0,2.0,0.37599335643897,53.0,ols,1.254531,-1.218131,2.472662,5000,2.472662,False,False,False,,False,True,False,False,False,False,True,False,False
SEMY,SOXX,2.0,2.0,0.8630289451436317,61.0,ols,0.488662,-0.452262,0.940924,35000,0.940924,False,False,False,,False,True,False,False,False,False,True,False,False
SMYY,SMCI,2.0,2.0,0.435442860821163,96.0,ols,0.100588,-0.064188,0.16477599999999998,6000,0.16477599999999998,False,False,False,,False,True,False,False,False,False,True,False,False
YSPY,SPY,2.0,2.0,0.7846848246640478,219.0,ols,0.055662,-0.019261999999999998,0.074924,15000,0.074924,False,False,False,,True,False,False,False,True,False,False,False,False
TSYY,TSLA,2.0,2.0,0.5389595219089732,290.0,ols,0.049566,-0.013166,0.062732,450000,0.062732,False,False,True,,True,False,True,False,True,False,False,False,False
QYLD,QQQ,1.0,1.0,0.6093515998620864,3062.0,ols,0.015445,0.020954999999999998,0.0,700000,0.0,False,False,False,,True,False,False,False,True,False,False,False,False
QYLG,QQQ,1.0,1.0,0.7718569490589854,1356.0,ols,0.019128,0.017272,0.001856,100000,0.001856,False,False,False,,True,False,False,False,True,False,False,False,False
QQQX,QQQ,1.0,1.0,0.8404166835280326,4791.0,ols,0.011009,0.025391,0.0,200000,0.0,False,False,False,,True,False,False,False,True,False,False,False,False
JEPQ,QQQ,1.0,1.0,0.7220173521976653,950.0,ols,0.007513,0.028887,0.0,2400000,0.0,False,False,False,,True,False,False,False,True,False,False,False,False
XYLD,SPY,1.0,1.0,0.6938355330884868,3182.0,ols,0.038544999999999996,-0.0021449999999999998,0.04069,15000,0.04069,False,False,False,,True,False,False,False,True,False,False,False,False
XYLG,SPY,1.0,1.0,0.7827814007897362,1348.0,ols,0.036881,-0.000481,0.037362,35000,0.037362,False,False,False,,True,False,False,False,True,False,False,False,False
JEPI,SPY,1.0,1.0,0.5540250774266388,1442.0,ols,0.010103,0.026297,0.0,750000,0.0,False,False,False,,True,False,False,False,True,False,False,False,False
SPYI,SPY,1.0,1.0,0.7562516809220392,869.0,ols,0.004799,0.031601,0.0,1600000,0.0,False,False,False,,True,False,False,False,True,False,False,False,False
RYLD,IWM,1.0,1.0,0.5741547254235649,1716.0,ols,0.06445000000000001,-0.028050000000000002,0.09250000000000001,150000,0.09250000000000001,False,False,False,,False,True,False,False,False,True,True,False,False
ABNY,ABNB,1.0,1.0,0.7938502316621863,414.0,ols,0.040561999999999994,-0.004162,0.04472399999999999,800,0.04472399999999999,False,False,False,,True,False,False,False,True,False,False,True,False
AIYY,AI,1.0,1.0,0.7176382406416129,557.0,ols,0.092111,-0.055711000000000004,0.147822,15000,0.147822,False,False,False,,False,True,False,False,False,False,True,False,False
AMDY,AMD,1.0,1.0,0.7870647123095214,606.0,ols,0.036425,-2.5e-05,0.036449999999999996,25000,0.036449999999999996,False,False,False,,True,False,False,False,True,False,False,False,False
AMZY,AMZN,1.0,1.0,0.7800670890039142,645.0,ols,0.032524000000000004,0.003876,0.028648000000000003,95000,0.028648000000000003,False,False,False,,True,False,False,False,True,False,False,False,False
APLY,AAPL,1.0,1.0,0.7779357500762071,711.0,ols,0.117812,-0.081412,0.199224,1000,0.199224,False,False,False,,False,True,False,False,False,False,True,False,False
BABO,BABA,1.0,1.0,0.7696796390183231,383.0,ols,0.051453,-0.015053,0.066506,15000,0.066506,False,False,False,,True,False,False,False,True,False,False,False,False
BRKC,BRK-B,1.0,1.0,0.7891933576107192,177.0,ols,0.029855999999999997,0.0065439999999999995,0.023312,1000,0.023312,False,False,False,,True,False,False,False,True,False,False,False,False
CONY,COIN,1.0,1.0,0.7464864356801278,630.0,ols,0.092323,-0.055923,0.148246,25000,0.148246,False,False,False,,False,True,False,False,False,False,True,False,False
CRCO,CRCL,1.0,1.0,0.8262877504531462,96.0,ols,0.212316,-0.175916,0.388232,4000,0.388232,False,False,False,,False,True,False,False,False,False,True,False,False
CVNY,CVNA,1.0,1.0,0.821125360588416,262.0,ols,0.151365,-0.114965,0.26633,2000,0.26633,False,False,False,,False,True,False,False,False,False,True,False,False
DISO,DIS,1.0,1.0,0.7222279374895327,622.0,ols,0.159745,-0.123345,0.28309,5000,0.28309,False,False,False,,False,True,False,False,False,False,True,False,False
DRAY,DKNG,1.0,1.0,0.833784707047848,150.0,ols,0.097722,-0.061322,0.15904400000000002,500,0.15904400000000002,False,False,False,,False,True,False,False,False,False,True,True,False
FBY,META,1.0,1.0,0.7355307686563191,642.0,ols,0.020693000000000003,0.015707,0.004986000000000004,35000,0.004986000000000004,False,False,False,,True,False,False,False,True,False,False,False,False
GMEY,GME,1.0,1.0,0.6359022908867646,111.0,ols,,,,0,,False,True,False,,False,True,False,False,False,False,True,True,False
GOOY,GOOGL,1.0,1.0,0.742834369096025,641.0,ols,0.043124,-0.006724,0.049848,100000,0.049848,False,False,False,,True,False,False,False,True,False,False,False,False
HIYY,HIMS,1.0,1.0,0.8795060120452791,101.0,ols,0.050195,-0.013795,0.06398999999999999,100,0.06398999999999999,False,False,False,,True,False,False,False,True,False,False,True,False
HOOY,HOOD,1.0,1.0,0.7900698522888883,196.0,ols,0.037365,-0.000965,0.03833,700,0.03833,False,False,False,,True,False,False,False,True,False,False,True,False
JPMO,JPM,1.0,1.0,0.7441292373773926,610.0,ols,0.129706,-0.093306,0.223012,15000,0.223012,False,False,False,,False,True,False,False,False,False,True,False,False
MARO,MARA,1.0,1.0,0.7817145326629317,297.0,ols,0.020328,0.016072,0.004255999999999999,10000,0.004255999999999999,False,False,True,,True,False,True,False,True,False,False,False,False
MRNY,MRNA,1.0,1.0,0.7513996850075991,580.0,ols,0.119818,-0.08341799999999999,0.20323599999999997,4000,0.20323599999999997,False,False,False,,False,True,False,False,False,False,True,False,False
MSFO,MSFT,1.0,1.0,0.7727530087585083,621.0,ols,0.063233,-0.026833,0.090066,25000,0.090066,False,False,False,,False,True,False,False,False,True,True,False,False
MSTY,MSTR,1.0,1.0,0.7385392553335308,498.0,ols,0.077123,-0.040723,0.117846,600000,0.117846,False,False,False,,False,True,False,False,False,True,True,False,False
NFLY,NFLX,1.0,1.0,0.7909384035262156,634.0,ols,0.015276000000000001,0.021124,0.0,6000,0.0,False,False,False,,True,False,False,False,True,False,False,False,False
NVDY,NVDA,1.0,1.0,0.7418448163599979,694.0,ols,0.033145,0.003255,0.02989,700000,0.02989,False,False,False,,True,False,False,False,True,False,False,False,False
PLTY,PLTR,1.0,1.0,0.7944172219371423,340.0,ols,,,,0,,False,True,False,,False,True,False,False,False,False,True,True,False
PYPY,PYPL,1.0,1.0,0.7830128600152387,601.0,ols,0.05867,-0.022269999999999998,0.08094,3000,0.08094,False,False,False,,False,True,False,False,False,True,True,False,False
RBLY,RBLX,1.0,1.0,0.8477035959794521,140.0,ols,0.018451,0.017949,0.000501999999999999,1000,0.000501999999999999,False,False,False,,True,False,False,False,True,False,False,False,False
RDYY,RDDT,1.0,1.0,0.8301598906428767,112.0,ols,0.086676,-0.050275999999999994,0.136952,9000,0.136952,False,False,False,,False,True,False,False,False,False,True,False,False
SMCY,SMCI,1.0,1.0,0.7434542713372049,358.0,ols,0.08616099999999999,-0.049761,0.135922,15000,0.135922,False,False,False,,False,True,False,False,False,False,True,False,False
SNOY,SNOW,1.0,1.0,0.7908446588966265,423.0,ols,0.100003,-0.06360299999999999,0.16360599999999997,1000,0.16360599999999997,False,False,False,,False,True,False,False,False,False,True,False,False
TSLY,TSLA,1.0,1.0,0.7383960412802402,809.0,ols,0.051952,-0.015552,0.067504,300000,0.067504,False,False,False,,True,False,False,False,True,False,False,False,False
TSMY,TSM,1.0,1.0,0.7910385746414115,374.0,ols,0.04105,-0.0046500000000000005,0.045700000000000005,15000,0.045700000000000005,False,False,False,,True,False,False,False,True,False,False,False,False
XOMO,XOM,1.0,1.0,0.7830586975972424,617.0,ols,0.070535,-0.034135,0.10467,5000,0.10467,False,False,False,,False,True,False,False,False,True,True,False,False
XYZY,XYZ,1.0,1.0,0.8002728860321678,589.0,ols,0.038128999999999996,-0.001729,0.039858,400,0.039858,False,False,False,,True,False,False,False,True,False,False,True,False
AAPW,AAPL,1.0,1.0,1.0930395480821922,249.0,ols,0.133873,-0.09747299999999999,0.231346,15000,0.231346,False,False,False,,False,True,False,False,False,False,True,False,False
AMDW,AMD,1.0,1.0,1.1972296600486594,144.0,ols,0.025434000000000002,0.010966,0.014468000000000002,30000,0.014468000000000002,False,False,False,,True,False,False,False,True,False,False,False,False
AMZW,AMZN,1.0,1.0,1.2142010339481333,168.0,ols,0.039620999999999996,-0.003221,0.042842,40000,0.042842,False,False,False,,True,False,False,False,True,False,False,False,False
ARMW,ARM,1.0,1.0,1.1831757146472466,80.0,ols,0.056001,-0.019601,0.075602,7000,0.075602,False,False,False,,True,False,False,False,True,False,False,False,False
AVGW,AVGO,1.0,1.0,1.198207597961704,143.0,ols,0.11238,-0.07597999999999999,0.18835999999999997,25000,0.18835999999999997,False,False,False,,False,True,False,False,False,False,True,False,False
BABW,BABA,1.0,1.0,1.2226821739192648,80.0,ols,0.043376,-0.0069759999999999996,0.050351999999999994,3000,0.050351999999999994,False,False,False,,True,False,False,False,True,False,False,False,False
BRKW,BRK-B,1.0,1.0,1.1618855814372857,168.0,ols,0.00695,0.029449999999999997,0.0,15000,0.0,False,False,False,,True,False,False,False,True,False,False,False,False
COIW,COIN,1.0,1.0,1.2168597258054596,251.0,ols,0.074498,-0.038098,0.112596,100000,0.112596,False,False,False,,False,True,False,False,False,True,True,False,False
COSW,COST,1.0,1.0,1.2448819188241171,80.0,ols,0.079835,-0.043434999999999994,0.12326999999999999,5000,0.12326999999999999,False,False,False,,False,True,False,False,False,False,True,False,False
GDXW,GDX,1.0,1.0,1.20134992430704,75.0,ols,0.6138,-0.5774,1.1912,55000,1.1912,False,False,False,,False,True,False,False,False,False,True,False,False
GLDW,GOLD,1.0,1.0,0.3317690772016824,75.0,ols,0.8879210000000001,-0.8515210000000001,1.7394420000000002,15000,1.7394420000000002,False,False,False,,False,True,False,False,False,False,True,False,False
GOOW,GOOGL,1.0,1.0,1.229511978978434,143.0,ols,0.143806,-0.107406,0.251212,30000,0.251212,False,False,False,,False,True,False,False,False,False,True,False,False
HOOW,HOOD,1.0,1.0,1.2062169835093894,168.0,ols,0.011726,0.024674,0.0,100000,0.0,False,False,True,,True,False,True,False,True,False,False,False,False
METW,META,1.0,1.0,1.1821261338265998,168.0,ols,0.232728,-0.196328,0.429056,30000,0.429056,False,False,False,,False,True,False,False,False,False,True,False,False
MSFW,MSFT,1.0,1.0,1.2133275552722282,143.0,ols,0.00435,0.03205,0.0,10000,0.0,False,False,True,,True,False,True,False,True,False,False,False,False
MSTW,MSTR,1.0,1.0,1.227805885189071,143.0,ols,0.044181,-0.007781,0.051961999999999994,90000,0.051961999999999994,False,False,True,,True,False,True,False,True,False,False,False,False
NFLW,NFLX,1.0,1.0,1.187969344945503,167.0,ols,0.025371,0.011029,0.014342,30000,0.014342,False,False,True,,True,False,True,False,True,False,False,False,False
NVDW,NVDA,1.0,1.0,1.2013514601014943,250.0,ols,0.08326599999999999,-0.046866000000000005,0.130132,100000,0.130132,False,False,False,,False,True,False,False,False,False,True,False,False
PLTW,PLTR,1.0,1.0,1.191610726975237,250.0,ols,0.008157,0.028243,0.0,90000,0.0,False,False,True,,True,False,True,False,True,False,False,False,False
TSLW,TSLA,1.0,1.0,1.1980253156503,250.0,ols,0.066237,-0.029837,0.096074,200000,0.096074,False,False,False,,False,True,False,False,False,True,True,False,False
TSYW,TLT,1.0,1.0,1.1800234725570355,64.0,ols,0.11244,-0.07604,0.18847999999999998,1000,0.18847999999999998,False,False,False,,False,True,False,False,False,False,True,False,False
UBEW,UBER,1.0,1.0,1.2125113436563633,79.0,ols,0.09873100000000001,-0.062331000000000004,0.161062,2000,0.161062,False,False,False,,False,True,False,False,False,False,True,False,False
UNHW,UNH,1.0,1.0,1.198147114208955,51.0,ols,0.289177,-0.252777,0.541954,2000,0.541954,False,False,False,,False,True,False,False,False,False,True,False,False
DUST,,,,,,,0.058369,-0.021969,0.08033799999999999,1000000,0.08033799999999999,False,False,True,,False,True,True,False,True,False,False,False,False
EWV,,,,,,,0.043982,-0.007582,0.051564,10000,0.051564,False,False,True,,True,False,True,False,True,False,False,False,False
FAZ,,,,,,,0.10088100000000001,-0.064481,0.165362,60000,0.165362,False,False,True,,False,True,True,False,True,False,False,False,False
LABD,,,,,,,0.08754400000000001,-0.051143999999999995,0.138688,350000,0.138688,False,False,True,,False,True,True,False,True,False,False,False,False
NVDQ,,,,,,,0.082194,-0.045793999999999994,0.127988,200000,0.127988,False,False,True,,False,True,True,False,True,False,False,False,False
SDS,,,,,,,0.042813,-0.006412999999999999,0.049226,30000,0.049226,False,False,True,,True,False,True,False,True,False,False,False,False
SOXS,,,,,,,0.015973,0.020427,0.0,9700000,0.0,False,False,True,,True,False,True,False,True,False,False,False,False
SQQQ,,,,,,,0.035369000000000005,0.001031,0.03433800000000001,650000,0.03433800000000001,False,False,True,,True,False,True,False,True,False,False,False,False
TSLQ,,,,,,,0.032312,0.004088,0.028224,450000,0.028224,False,False,True,,True,False,True,False,True,False,False,False,False
ZSL,,,,,,,,,,0,,False,True,True,,False,True,False,True,False,True,True,True,False
